topology,n_layers,epochs,train_loss,train_accuracy,train_f1_macro,train_f1_weighted,test_loss,test_accuracy,test_f1_macro,test_f1_weighted,time_s
50×50,2,107,0.150415,0.9417,0.9524,0.9417,0.202365,0.9261,0.9366,0.9262,2.63
70×70,2,91,0.152755,0.9421,0.9535,0.9424,0.202373,0.9216,0.9346,0.9221,3.45
30×30,2,91,0.159239,0.9422,0.9525,0.9421,0.196944,0.9241,0.9355,0.924,1.81
100×100×100,3,278,0.072359,0.9702,0.9768,0.9701,0.335167,0.9221,0.9331,0.9216,46.29
