topology,n_layers,n_neurons,total_params,epochs,train_loss,val_loss,val_accuracy,val_f1_macro,val_f1_weighted,time_s
50×50,2,50,3757,44,0.178819,0.195183,0.9319,0.9445,0.932,0.83
70×70,2,70,6657,38,0.184024,0.19774,0.9324,0.944,0.9324,1.12
30×30,2,30,1657,88,0.173096,0.194589,0.9319,0.943,0.932,1.22
100×100×100,3,100,22607,79,0.161945,0.192111,0.93,0.9421,0.93,6.17
